ID_CLIENTE,IDADE,VALOR_COMPRA_SITE,QTDE_ITENS_COMPRA_SITE,FLAG_ACESSORIOS_COMPRA_SITE,FLAG_FEMININA_COMPRA_SITE,FLAG_MASCULINA_COMPRA_SITE,NOTA_SATISF_COMPRA_SITE,FLAG_COMPROU_LOJA_FISICA_6M,QTDE_COMPRAS_LOJA_FISICA_6M,QTDE_ITENS_LOJA_FISICA_6M,FLAG_RECOMPRA_PROX_3_MESES
1,29,185.50,2,0,1,0,7,1,4,4,Sim
2,27,215.50,2,0,1,1,7,1,2,2,Nao
3,29,106.40,4,0,1,0,10,1,1,5,Sim
4,18,140.20,1,0,1,0,8,1,1,4,Nao
5,24,72.90,2,0,1,0,7,0,0,0,Nao
6,24,155.30,2,0,1,1,7,1,2,4,Nao
7,30,145.30,3,0,0,1,5,0,0,0,Sim
8,21,222.80,2,0,1,1,10,1,1,4,Sim
9,27,194.50,1,0,1,1,7,1,1,1,Nao
10,22,113.80,2,0,1,0,7,0,0,0,Nao
11,31,227.80,3,0,1,0,7,0,0,0,Sim
12,25,87.60,1,0,1,0,6,1,1,2,Sim
13,35,211.10,2,0,1,0,8,1,1,2,Sim
14,23,243.50,2,0,1,0,7,0,0,0,Nao
15,37,146.00,2,0,0,1,5,0,0,0,Nao
16,25,356.70,1,0,1,1,7,0,0,0,Nao
17,33,113.20,2,1,1,0,7,0,0,0,Nao
18,43,35.00,2,0,1,1,9,1,1,3,Nao
19,37,230.20,2,1,1,1,9,0,0,0,Nao
20,64,223.40,1,0,1,1,7,0,0,0,Nao
21,25,334.80,3,1,1,0,9,1,1,6,Sim
22,27,268.10,7,0,1,1,7,0,0,0,Sim
23,27,249.80,3,0,1,1,10,1,2,6,Sim
24,21,154.80,3,0,1,1,6,0,0,0,Nao
25,30,345.70,2,1,1,1,6,0,0,0,Sim
26,31,176.40,1,1,0,1,6,0,0,0,Nao
27,25,209.70,2,1,1,0,6,1,1,2,Nao
28,31,285.40,2,1,0,1,8,1,4,5,Nao
29,45,319.20,4,0,1,1,10,0,0,0,Sim
30,23,319.70,2,0,1,1,10,1,5,3,Sim
31,45,198.50,2,0,1,0,6,1,1,3,Nao
32,26,516.70,2,0,0,1,10,1,6,5,Sim
33,32,131.10,2,1,0,0,8,0,0,0,Nao
34,26,192.90,4,0,0,1,8,1,2,5,Nao
35,25,177.90,1,0,1,1,7,1,1,2,Nao
36,27,150.30,2,0,0,1,9,0,0,0,Nao
37,29,85.40,1,0,1,1,8,1,1,1,Sim
38,20,75.00,1,0,1,0,8,0,0,0,Nao
39,29,94.00,2,1,1,0,5,0,0,0,Nao
40,18,289.30,2,0,1,0,10,1,4,2,Sim
41,21,21.80,1,1,1,1,7,1,1,3,Nao
42,29,114.30,2,0,1,1,10,0,0,0,Sim
43,32,188.20,1,0,1,0,7,0,0,0,Nao
44,34,186.30,2,0,1,1,10,1,1,2,Nao
45,31,187.60,1,0,1,1,8,1,1,4,Nao
46,25,76.40,2,0,1,0,7,0,0,0,Nao
47,19,69.30,3,0,1,0,7,0,0,0,Nao
48,64,26.70,2,0,0,1,8,0,0,0,Nao
49,22,291.80,3,1,1,0,9,0,0,0,Nao
50,39,233.40,2,0,1,1,10,1,4,4,Sim
51,38,150.20,2,1,0,1,9,0,0,0,Sim
52,24,135.30,1,0,1,0,7,0,0,0,Nao
53,29,234.90,2,0,1,1,8,1,2,3,Nao
54,33,124.00,4,0,0,1,6,1,7,6,Sim
55,29,230.40,1,1,0,1,5,1,1,3,Sim
56,22,238.30,4,0,0,1,8,0,0,0,Sim
57,33,203.00,2,0,1,1,8,1,2,2,Sim
58,29,276.00,3,1,1,1,7,1,3,5,Sim
59,23,378.50,2,0,0,1,6,1,1,5,Nao
60,38,167.30,1,0,1,1,7,0,0,0,Nao
61,33,188.00,9,0,1,1,6,0,0,0,Sim
62,20,342.30,2,0,1,1,10,0,0,0,Nao
63,27,210.90,3,0,0,1,6,1,4,4,Sim
64,34,152.20,1,0,1,1,9,1,1,3,Nao
65,22,142.90,1,0,1,0,8,0,0,0,Nao
66,43,252.50,3,0,0,1,8,0,0,0,Nao
67,35,78.60,8,0,1,0,9,1,1,11,Sim
68,20,240.40,2,0,1,1,9,1,2,4,Sim
69,18,130.00,2,0,1,1,8,1,1,5,Nao
70,44,194.70,3,1,1,1,6,1,1,4,Sim
71,32,246.70,3,0,1,0,10,1,1,4,Nao
72,23,57.70,1,0,1,1,7,0,0,0,Nao
73,18,218.70,3,0,1,1,8,1,4,4,Sim
74,23,367.00,2,0,1,0,8,1,4,5,Sim
75,23,27.30,2,0,1,1,8,0,0,0,Nao
76,33,177.00,4,0,1,0,6,0,0,0,Sim
77,24,212.10,3,0,0,1,5,0,0,0,Nao
78,27,190.90,4,1,1,0,8,0,0,0,Nao
79,24,222.90,2,1,1,0,9,1,1,5,Nao
80,28,369.60,3,0,1,1,6,1,1,5,Sim
81,32,225.30,2,0,1,1,9,1,1,2,Sim
82,28,59.20,1,0,1,0,10,1,1,2,Nao
83,30,376.60,1,1,0,1,9,1,1,1,Nao
84,31,291.90,6,0,0,1,9,1,1,11,Sim
85,23,38.80,2,0,1,0,6,1,1,2,Nao
86,31,67.30,3,0,1,0,5,0,0,0,Nao
87,27,249.60,4,1,0,1,8,1,2,6,Sim
88,29,117.70,3,0,1,0,4,0,0,0,Nao
89,38,190.10,4,0,1,1,8,1,2,6,Sim
90,32,607.30,4,1,1,1,8,1,1,6,Sim
91,19,340.00,2,0,1,1,8,1,3,2,Sim
92,32,265.60,3,1,1,0,8,1,1,6,Sim
93,27,240.40,2,1,1,1,10,1,3,4,Sim
94,29,36.00,2,1,1,1,10,1,6,5,Sim
95,30,227.40,2,0,1,0,7,0,0,0,Sim
96,36,213.40,1,0,1,1,7,0,0,0,Nao
97,22,143.60,4,0,0,1,9,1,5,7,Sim
98,48,74.00,1,0,1,1,7,0,0,0,Sim
99,29,369.90,2,1,1,0,8,1,1,4,Sim
100,28,279.40,1,0,1,0,6,0,0,0,Nao
101,38,258.40,3,0,0,1,8,1,5,4,Sim
102,29,257.50,2,0,1,0,8,1,1,3,Sim
103,30,298.70,2,0,1,1,8,0,0,0,Nao
104,31,320.80,1,0,1,1,10,1,1,2,Sim
105,31,99.10,1,0,1,1,7,0,0,0,Nao
106,40,39.30,4,0,1,0,10,1,1,4,Sim
107,18,273.60,2,0,0,1,8,0,0,0,Nao
108,29,126.40,1,0,1,0,9,1,1,1,Nao
109,27,218.90,3,0,1,0,10,1,2,3,Nao
110,43,644.90,2,0,1,0,8,1,2,3,Sim
111,22,512.30,2,0,1,0,10,1,4,4,Sim
112,31,210.30,3,0,1,1,8,1,1,4,Sim
113,46,175.20,8,1,1,0,8,1,1,8,Sim
114,22,166.10,2,0,1,0,8,1,2,2,Sim
115,39,241.70,3,1,1,0,10,0,0,0,Sim
116,35,47.00,3,0,1,1,7,1,2,3,Sim
117,30,249.60,2,0,1,0,10,1,1,3,Sim
118,24,172.70,5,0,0,1,6,0,0,0,Sim
119,42,242.80,3,0,1,1,8,1,1,3,Nao
120,21,201.70,2,1,1,0,10,1,1,4,Nao
121,31,98.80,2,0,1,1,7,0,0,0,Nao
122,39,97.70,1,0,0,1,6,0,0,0,Nao
123,31,104.50,2,0,0,1,7,0,0,0,Nao
124,32,303.30,3,0,1,1,9,0,0,0,Nao
125,37,180.10,4,0,1,0,9,1,5,5,Sim
126,41,273.20,2,0,1,1,7,1,2,4,Nao
127,23,430.20,1,0,1,0,10,1,1,4,Sim
128,30,239.80,3,0,1,0,8,1,3,4,Sim
129,31,185.60,2,1,0,0,8,1,1,4,Nao
130,37,211.40,1,0,1,0,7,0,0,0,Nao
131,27,467.60,2,1,1,1,10,1,1,2,Sim
132,25,191.90,3,0,1,1,8,0,0,0,Nao
133,25,217.80,2,0,1,0,8,1,1,2,Nao
134,28,73.80,1,0,1,0,8,1,1,1,Nao
135,26,145.20,3,0,0,1,6,0,0,0,Nao
136,38,121.60,1,0,1,0,9,1,1,1,Sim
137,22,114.50,1,0,1,0,8,0,0,0,Nao
138,27,325.10,4,1,1,0,8,1,1,6,Sim
139,45,108.90,1,0,1,0,7,0,0,0,Nao
140,42,341.60,1,0,1,1,8,0,0,0,Nao
141,40,386.90,2,1,1,0,8,1,4,3,Sim
142,25,223.20,2,0,0,1,10,1,1,5,Sim
143,29,399.70,1,0,1,1,8,1,1,3,Nao
144,31,68.00,1,0,1,0,8,1,1,2,Nao
145,25,206.80,1,0,0,1,8,1,1,1,Nao
146,29,129.10,4,1,1,0,10,1,7,7,Sim
147,27,295.20,3,0,0,1,10,1,1,5,Sim
148,25,122.70,2,0,1,1,10,1,1,5,Sim
149,23,550.20,1,0,1,0,8,1,1,1,Sim
150,30,140.20,1,0,1,0,7,0,0,0,Nao
151,32,253.20,2,1,1,0,9,0,0,0,Nao
152,24,81.80,2,0,1,1,7,0,0,0,Nao
153,25,193.90,5,0,1,1,9,0,0,0,Sim
154,18,260.40,3,1,1,1,8,1,2,3,Sim
155,31,138.50,2,1,1,1,7,1,1,3,Nao
156,32,34.00,2,1,1,0,9,1,6,2,Sim
157,53,60.10,2,0,1,0,10,1,1,5,Nao
158,33,211.70,2,0,1,1,10,1,2,3,Sim
159,39,598.50,3,0,1,1,7,0,0,0,Sim
160,27,162.60,2,1,1,0,10,1,3,5,Sim
161,23,311.10,2,0,0,1,6,1,2,4,Nao
162,23,247.10,2,0,1,1,10,1,2,2,Sim
163,19,321.60,2,0,1,1,9,0,0,0,Nao
164,33,170.80,2,1,1,1,8,1,1,4,Sim
165,28,277.10,2,0,1,1,10,0,0,0,Nao
166,27,491.40,1,0,1,1,8,1,1,4,Sim
167,38,138.30,1,0,1,0,9,1,1,3,Sim
168,45,227.50,2,0,1,1,10,1,3,4,Sim
169,21,23.90,1,0,1,1,6,0,0,0,Nao
170,30,512.90,4,1,1,1,9,0,0,0,Sim
171,26,70.10,1,1,1,1,7,0,0,0,Nao
172,34,250.30,7,0,1,1,7,0,0,0,Sim
173,28,29.60,4,0,1,1,6,1,1,4,Nao
174,28,273.90,2,1,1,0,7,1,2,3,Sim
175,30,76.40,5,0,1,1,7,0,0,0,Nao
176,24,152.70,1,0,1,1,7,0,0,0,Nao
177,33,191.50,1,0,1,1,9,1,1,4,Sim
178,31,101.80,2,0,1,1,7,0,0,0,Nao
179,23,121.70,1,0,1,1,8,1,1,2,Nao
180,31,180.00,7,0,1,1,1,0,0,0,Nao
181,34,129.10,2,1,1,1,9,0,0,0,Nao
182,30,126.40,1,1,0,0,6,1,1,2,Nao
183,22,133.90,2,0,1,1,7,0,0,0,Nao
184,26,320.00,3,1,1,1,9,0,0,0,Nao
185,34,126.20,2,0,1,0,6,0,0,0,Nao
186,29,192.90,7,0,1,0,8,0,0,0,Sim
187,35,263.60,1,0,1,1,7,0,0,0,Sim
188,30,142.50,1,0,1,1,7,1,1,3,Sim
189,30,171.30,1,1,0,0,6,0,0,0,Nao
190,23,366.60,2,0,1,0,8,1,3,2,Sim
191,27,113.60,1,0,1,0,7,0,0,0,Nao
192,27,323.10,2,1,0,1,9,1,1,2,Sim
193,37,144.70,1,0,0,1,7,1,1,1,Nao
194,22,132.50,1,0,1,1,7,0,0,0,Nao
195,18,441.40,3,0,1,0,8,0,0,0,Sim
196,18,87.20,2,1,1,1,6,0,0,0,Nao
197,28,179.10,3,0,1,0,10,0,0,0,Sim
198,68,136.50,2,0,1,0,10,1,3,4,Sim
199,24,139.40,1,0,1,1,8,0,0,0,Nao
200,43,204.10,2,1,1,0,7,1,3,2,Sim
201,27,136.00,2,0,1,1,7,0,0,0,Sim
202,27,169.40,1,0,1,1,9,1,1,3,Nao
203,28,296.60,2,0,1,0,10,1,2,2,Sim
204,38,40.00,2,0,1,1,7,0,0,0,Nao
205,29,95.50,2,0,1,1,6,0,0,0,Nao
206,44,389.20,2,1,0,1,9,0,0,0,Nao
207,36,322.20,2,0,1,1,10,1,1,5,Sim
208,18,106.60,2,0,1,1,8,1,1,5,Sim
209,40,177.10,1,0,1,0,7,1,1,1,Nao
210,25,276.90,3,0,1,1,7,0,0,0,Nao
211,27,225.40,2,1,0,0,9,0,0,0,Sim
212,37,182.80,2,0,1,1,10,0,0,0,Nao
213,29,179.40,3,0,0,1,8,1,1,6,Nao
214,30,96.50,1,0,0,1,10,1,1,4,Sim
215,34,108.60,2,0,1,1,7,0,0,0,Sim
216,21,75.90,2,0,1,1,6,0,0,0,Nao
217,21,217.00,3,0,1,0,8,1,1,5,Sim
218,33,223.50,1,1,1,1,10,0,0,0,Nao
219,20,79.40,1,0,1,1,7,0,0,0,Nao
220,32,183.80,2,0,1,1,10,1,2,5,Sim
221,22,27.30,1,0,1,1,10,1,1,3,Sim
222,20,319.20,4,0,1,1,10,0,0,0,Nao
223,25,124.30,1,0,1,1,5,1,1,1,Nao
224,25,217.90,2,0,1,1,7,0,0,0,Nao
225,39,276.00,2,0,0,1,6,0,0,0,Nao
226,46,268.30,1,1,1,1,10,1,1,3,Sim
227,30,209.80,1,0,1,0,10,1,1,1,Nao
228,23,350.00,3,1,0,1,8,1,3,5,Sim
229,45,292.50,4,0,1,0,7,0,0,0,Sim
230,25,163.60,3,0,1,0,10,1,1,5,Sim
231,30,459.30,5,0,0,1,10,1,1,7,Sim
232,34,133.20,3,0,1,1,7,0,0,0,Nao
233,33,119.40,5,1,0,0,7,0,0,0,Nao
234,33,228.00,4,0,1,1,9,0,0,0,Nao
235,51,65.20,4,0,1,0,7,0,0,0,Nao
236,32,66.90,2,0,0,1,6,0,0,0,Nao
237,36,183.90,2,0,1,1,7,0,0,0,Nao
238,46,140.50,1,0,0,1,5,0,0,0,Nao
239,19,247.00,4,1,1,0,10,1,1,4,Sim
240,28,333.80,1,0,1,0,8,0,0,0,Nao
241,49,149.10,2,0,1,1,9,1,1,2,Sim
242,26,84.30,1,0,1,1,7,0,0,0,Nao
243,28,209.80,1,0,1,1,8,1,1,4,Sim
244,37,132.20,2,1,1,1,9,1,1,2,Sim
245,26,89.90,1,0,1,1,8,0,0,0,Nao
246,30,180.60,2,0,1,1,6,0,0,0,Nao
247,31,241.10,3,0,1,1,7,0,0,0,Sim
248,30,79.70,1,0,0,1,8,0,0,0,Sim
249,37,34.70,2,0,0,1,10,1,1,5,Nao
250,29,220.00,2,0,1,1,7,1,1,4,Sim
251,25,372.70,2,0,1,0,8,0,0,0,Nao
252,24,204.50,4,1,0,0,9,0,0,0,Sim
253,31,87.00,1,0,1,1,7,0,0,0,Nao
254,25,128.60,2,0,1,0,10,1,1,5,Sim
255,31,256.80,2,0,1,1,8,1,1,2,Sim
256,38,67.80,2,0,0,1,8,0,0,0,Nao
257,25,154.10,3,1,0,0,10,1,6,6,Sim
258,32,72.30,2,0,1,0,7,0,0,0,Nao
259,40,273.60,2,0,0,1,8,0,0,0,Nao
260,43,400.80,3,1,1,1,1,1,3,3,Nao
261,28,104.50,2,0,1,0,7,0,0,0,Sim
262,29,245.80,2,0,0,1,6,0,0,0,Nao
263,52,50.90,2,0,1,1,10,1,1,4,Nao
264,23,158.60,2,0,0,1,8,0,0,0,Sim
265,27,61.10,2,1,1,1,8,1,1,4,Nao
266,35,124.80,2,0,1,0,6,0,0,0,Nao
267,36,220.00,3,1,1,1,10,1,1,4,Sim
268,34,124.50,1,0,0,1,6,0,0,0,Nao
269,30,236.50,3,0,1,1,10,1,1,6,Sim
270,21,162.60,2,1,1,1,10,1,2,4,Sim
271,23,137.40,3,1,0,1,8,1,1,6,Sim
272,28,101.60,2,0,1,0,8,0,0,0,Nao
273,25,308.80,10,0,1,1,8,1,1,10,Sim
274,26,216.20,1,1,1,0,9,1,1,4,Nao
275,28,150.60,2,0,1,1,10,1,2,5,Sim
276,35,281.70,2,0,0,1,8,1,5,4,Sim
277,30,244.90,1,0,1,1,10,1,1,4,Sim
278,25,132.30,3,0,0,1,6,0,0,0,Sim
279,30,136.00,1,0,1,0,6,1,1,3,Nao
280,30,524.00,1,0,1,0,8,1,1,1,Sim
281,23,269.10,2,0,1,1,10,1,5,2,Sim
282,39,156.90,1,1,0,1,6,0,0,0,Nao
283,37,205.70,3,1,1,1,8,1,1,3,Sim
284,39,232.90,2,1,1,0,8,1,4,4,Sim
285,49,313.20,1,0,1,0,10,1,1,3,Nao
286,32,209.00,3,0,1,1,8,1,1,3,Sim
287,32,302.50,3,0,1,1,10,1,2,5,Sim
288,25,156.50,1,0,1,0,8,0,0,0,Nao
289,52,299.10,3,0,1,0,6,0,0,0,Nao
290,25,38.40,5,0,1,1,7,0,0,0,Nao
291,46,337.30,2,0,0,1,8,1,1,2,Nao
292,41,203.10,2,1,1,1,9,1,1,3,Nao
293,23,201.60,3,0,1,0,10,0,0,0,Nao
294,39,73.80,1,0,1,0,8,1,1,3,Nao
295,30,165.60,1,0,1,1,8,1,1,3,Sim
296,34,173.20,3,0,1,1,8,1,2,5,Sim
297,28,688.30,2,0,1,0,9,1,1,2,Sim
298,21,135.30,1,1,1,1,6,0,0,0,Nao
299,35,102.90,2,0,0,1,8,0,0,0,Nao
300,38,126.90,1,0,1,1,8,0,0,0,Sim
301,31,73.90,2,0,1,1,7,1,1,3,Nao
302,38,301.90,2,1,1,1,9,1,1,2,Sim
303,26,453.90,3,1,1,0,8,1,1,4,Sim
304,30,99.90,2,0,1,1,7,0,0,0,Nao
305,32,132.30,2,1,1,0,9,1,1,5,Sim
306,25,112.00,2,0,1,1,7,1,1,3,Sim
307,21,135.40,4,0,1,1,7,0,0,0,Nao
308,34,51.30,2,1,1,1,10,1,1,5,Nao
309,47,177.90,1,0,1,1,7,1,1,1,Sim
310,39,58.20,2,0,1,0,7,1,2,2,Nao
311,36,521.80,3,0,1,1,10,1,2,3,Sim
312,23,153.10,1,0,1,0,9,1,1,2,Nao
313,38,113.20,1,1,1,1,7,0,0,0,Nao
314,21,42.10,1,1,1,0,8,0,0,0,Nao
315,35,101.10,1,0,1,1,7,0,0,0,Nao
316,38,179.70,8,1,1,1,7,0,0,0,Sim
317,42,80.30,1,0,1,1,7,0,0,0,Nao
318,49,348.30,2,0,1,1,10,1,3,5,Sim
319,25,164.10,1,0,1,1,9,0,0,0,Sim
320,39,414.40,2,1,1,1,5,1,4,3,Sim
321,26,426.40,3,0,1,1,10,1,2,4,Sim
322,34,86.30,1,1,1,1,6,0,0,0,Sim
323,42,104.60,2,0,1,0,7,0,0,0,Nao
324,31,72.40,2,0,1,1,7,0,0,0,Nao
325,47,243.60,2,0,1,1,10,1,2,4,Nao
326,19,126.70,2,0,1,1,9,1,1,5,Sim
327,20,272.50,3,0,1,1,7,0,0,0,Sim
328,70,215.80,2,0,0,1,10,1,1,2,Sim
329,18,136.00,1,0,0,1,6,1,1,2,Sim
330,23,182.90,2,0,0,1,6,0,0,0,Nao
331,28,33.90,2,0,1,0,6,1,1,5,Nao
332,23,395.50,2,1,0,1,8,1,2,4,Sim
333,34,270.00,2,0,1,1,8,0,0,0,Sim
334,25,236.30,3,0,1,1,7,1,1,5,Nao
335,35,96.70,6,0,0,1,6,0,0,0,Nao
336,26,88.20,1,0,1,0,6,0,0,0,Nao
337,28,122.10,5,0,1,1,8,1,1,5,Nao
338,49,408.80,3,1,1,1,9,1,2,4,Sim
339,21,217.90,3,0,1,0,6,0,0,0,Nao
340,31,317.70,2,0,1,0,9,1,4,3,Sim
341,33,137.30,2,1,1,0,8,1,2,3,Sim
342,24,120.20,2,1,0,0,6,0,0,0,Nao
343,39,110.60,3,0,1,0,6,0,0,0,Nao
344,37,79.00,2,0,1,1,7,0,0,0,Nao
345,21,218.70,2,0,0,1,9,1,1,3,Nao
346,43,489.10,2,0,1,1,10,1,5,5,Sim
347,27,122.30,1,0,1,0,8,1,1,1,Nao
348,28,29.70,2,1,1,1,8,1,1,2,Sim
349,29,106.60,6,0,1,1,7,0,0,0,Nao
350,32,400.90,4,1,1,0,10,1,1,6,Sim
351,24,206.50,2,0,1,1,10,0,0,0,Sim
352,30,106.60,4,0,1,0,7,1,1,4,Sim
353,25,102.50,4,0,1,1,7,0,0,0,Nao
354,25,88.30,1,0,1,0,6,0,0,0,Nao
355,25,183.60,2,0,0,1,8,0,0,0,Nao
356,21,246.30,2,0,1,1,10,1,4,2,Sim
357,23,49.70,2,1,1,1,8,0,0,0,Nao
358,22,73.20,1,0,1,1,9,1,1,3,Nao
359,21,125.20,2,0,1,0,8,1,1,3,Sim
360,38,152.20,1,0,1,0,9,1,1,2,Nao
361,26,25.50,2,0,0,1,10,0,0,0,Nao
362,42,162.10,2,0,1,1,7,0,0,0,Nao
363,36,243.40,2,0,1,1,7,0,0,0,Nao
364,30,167.70,2,1,1,1,7,0,0,0,Nao
365,42,168.70,2,0,0,1,6,0,0,0,Nao
366,40,219.70,4,1,1,1,7,1,3,4,Sim
367,32,270.20,2,0,1,0,10,1,1,2,Sim
368,28,254.00,3,0,1,1,10,1,1,4,Sim
369,19,193.00,4,0,1,0,6,1,1,6,Sim
370,26,712.50,1,0,1,0,9,1,1,3,Sim
371,26,413.00,1,0,0,1,10,1,1,2,Sim
372,30,389.20,2,1,0,1,9,0,0,0,Nao
373,20,491.00,4,0,1,1,8,1,1,5,Sim
374,27,299.20,2,1,0,1,0,1,1,5,Sim
375,34,221.70,2,0,1,1,7,0,0,0,Nao
376,23,366.70,3,0,1,1,8,1,1,5,Sim
377,32,212.20,3,0,1,0,7,0,0,0,Nao
378,19,114.30,1,1,1,1,7,0,0,0,Nao
379,37,282.90,4,0,1,1,10,1,3,4,Sim
380,37,253.40,1,0,1,1,9,1,1,1,Sim
381,26,201.60,3,0,1,1,10,0,0,0,Nao
382,18,38.60,3,1,1,1,9,1,1,3,Nao
383,34,200.80,2,0,1,1,6,1,4,2,Nao
384,53,64.80,1,0,1,0,5,0,0,0,Nao
385,29,232.40,5,0,1,1,7,1,1,7,Sim
386,26,300.00,4,0,1,0,3,1,1,4,Nao
387,34,363.80,3,0,1,1,10,1,1,3,Sim
388,29,125.10,1,0,0,1,7,0,0,0,Nao
389,32,124.50,2,1,1,1,8,1,1,5,Sim
390,21,82.00,1,0,1,1,7,1,1,1,Nao
391,22,323.40,4,1,0,1,10,1,1,6,Sim
392,32,373.10,1,0,1,0,8,0,0,0,Nao
393,22,156.50,2,0,0,1,7,0,0,0,Sim
394,29,150.40,5,0,1,0,10,1,1,6,Sim
395,28,297.60,4,0,1,1,6,0,0,0,Nao
396,35,384.00,1,0,1,1,8,1,1,1,Sim
397,48,197.10,1,1,1,0,10,1,1,1,Sim
398,35,131.90,2,0,1,1,9,0,0,0,Sim
399,29,144.40,4,0,0,1,6,0,0,0,Nao
400,43,409.50,2,0,1,1,9,1,1,4,Sim
401,25,195.40,2,0,1,0,8,1,2,3,Sim
402,32,369.40,2,0,1,1,10,1,1,5,Sim
403,34,63.80,1,0,1,1,6,0,0,0,Nao
404,31,252.50,2,0,0,1,9,0,0,0,Sim
405,43,64.60,2,0,1,1,9,1,2,2,Sim
406,36,200.40,2,0,1,0,7,0,0,0,Nao
407,39,285.20,2,0,1,0,9,1,3,5,Sim
408,35,137.30,2,0,0,1,9,1,2,3,Nao
409,28,89.40,3,0,1,1,7,0,0,0,Sim
410,25,164.20,3,0,1,1,10,1,3,6,Sim
411,26,354.80,10,0,1,0,10,1,1,11,Sim
412,26,62.60,2,0,1,1,9,1,1,2,Sim
413,23,146.90,2,1,1,0,8,1,2,5,Sim
414,34,255.20,2,0,1,0,8,1,1,5,Sim
415,34,233.20,2,0,1,0,7,1,1,3,Sim
416,27,68.10,1,0,1,0,7,0,0,0,Nao
417,34,247.60,3,1,0,1,8,1,3,3,Sim
418,29,239.50,2,1,0,1,7,0,0,0,Nao
419,55,85.10,4,0,1,1,6,0,0,0,Nao
420,27,318.30,4,0,0,1,6,1,1,5,Sim
421,26,242.70,2,1,1,0,10,0,0,0,Sim
422,25,84.60,1,0,1,1,7,1,1,4,Nao
423,29,398.40,2,0,1,0,9,1,2,5,Sim
424,24,380.30,1,0,1,1,9,0,0,0,Sim
425,30,82.90,2,0,1,0,7,0,0,0,Nao
426,19,88.90,1,0,1,0,7,1,1,3,Nao
427,31,287.20,2,0,1,0,9,1,1,4,Sim
428,29,388.50,2,1,1,1,10,1,1,4,Sim
429,42,107.80,3,0,0,1,6,0,0,0,Nao
430,27,336.70,2,1,1,0,8,1,2,5,Sim
431,48,446.10,2,0,0,1,6,1,2,3,Sim
432,31,158.30,6,0,1,0,8,1,1,6,Sim
433,30,161.50,1,0,1,0,5,0,0,0,Nao
434,27,206.00,3,0,0,1,8,0,0,0,Sim
435,37,306.60,3,0,0,1,8,1,1,4,Nao
436,18,66.90,3,1,1,0,7,0,0,0,Nao
437,28,325.20,2,0,1,0,9,0,0,0,Nao
438,31,177.10,1,0,1,0,7,1,1,2,Nao
439,49,40.60,1,0,0,1,8,1,1,1,Nao
440,36,67.70,2,0,1,1,7,0,0,0,Sim
441,20,147.70,1,0,1,1,7,1,1,1,Nao
442,31,204.40,2,0,0,1,10,1,1,5,Sim
443,37,82.90,1,0,0,1,6,0,0,0,Nao
444,27,275.60,1,0,1,1,8,1,1,3,Sim
445,25,373.10,2,0,1,1,10,1,1,3,Nao
446,27,196.70,3,0,1,1,6,0,0,0,Nao
447,27,159.00,2,1,1,1,7,1,2,3,Sim
448,38,147.70,1,0,1,0,7,1,1,4,Nao
449,30,100.20,2,0,1,0,8,1,3,4,Nao
450,35,246.30,1,0,1,0,6,0,0,0,Nao
451,21,332.30,2,1,1,1,7,0,0,0,Sim
452,47,96.80,3,0,1,1,7,1,1,4,Sim
453,23,375.30,1,0,1,0,7,1,1,4,Nao
454,26,332.00,3,0,1,1,10,1,1,6,Sim
455,30,90.10,1,0,1,0,7,0,0,0,Nao
456,34,330.70,1,1,1,1,8,0,0,0,Nao
457,31,230.10,2,1,1,0,10,1,2,3,Nao
458,52,371.80,3,0,1,0,8,1,1,4,Sim
459,30,102.20,2,0,0,1,6,0,0,0,Nao
460,26,379.60,6,0,1,1,8,0,0,0,Sim
461,30,224.10,1,0,1,1,9,1,1,3,Sim
462,26,110.30,2,0,1,0,7,0,0,0,Sim
463,37,187.40,3,0,1,1,9,1,3,6,Sim
464,38,106.10,2,0,1,1,8,1,2,3,Nao
465,25,327.10,1,0,1,1,7,1,1,3,Nao
466,35,97.00,2,0,1,1,7,0,0,0,Nao
467,39,94.70,1,0,0,1,5,0,0,0,Nao
468,43,335.50,2,0,1,1,10,1,1,2,Nao
469,36,172.00,1,0,1,1,9,1,1,1,Nao
470,29,327.60,2,0,1,1,9,1,2,5,Sim
471,24,144.80,2,1,1,0,9,1,2,3,Sim
472,23,248.80,2,0,0,1,10,0,0,0,Nao
473,26,458.10,1,0,1,1,6,0,0,0,Nao
474,23,112.50,2,0,1,1,7,0,0,0,Nao
475,18,194.40,2,0,1,0,9,1,1,5,Sim
476,27,370.80,2,0,1,0,7,1,1,2,Sim
477,22,297.90,1,0,0,1,8,1,1,3,Sim
478,33,150.30,1,0,1,1,9,1,1,1,Sim
479,49,135.60,1,0,0,1,5,0,0,0,Nao
480,33,212.60,3,0,1,1,9,1,4,3,Sim
481,34,112.80,2,1,1,0,5,0,0,0,Sim
482,54,211.50,3,0,1,0,9,1,1,3,Sim
483,28,248.80,2,0,0,1,10,0,0,0,Nao
484,23,193.90,5,0,1,1,9,0,0,0,Sim
485,25,128.80,2,0,1,1,5,0,0,0,Nao
486,25,199.90,1,0,1,0,7,0,0,0,Nao
487,41,165.60,1,0,1,1,8,1,1,1,Nao
488,32,126.10,1,0,1,0,6,0,0,0,Nao
489,23,116.20,2,1,1,1,8,1,2,4,Sim
490,25,195.20,3,0,1,1,8,0,0,0,Nao
491,28,232.50,6,0,1,1,8,1,1,8,Sim
492,27,78.70,1,0,0,1,5,0,0,0,Nao
493,21,153.10,1,0,1,1,9,1,1,3,Nao
494,43,214.80,4,1,1,1,10,1,1,4,Sim
495,21,327.30,8,1,0,0,7,1,2,10,Sim
496,35,200.70,3,0,1,1,7,0,0,0,Sim
497,23,240.40,2,0,1,1,7,0,0,0,Nao
498,38,130.90,1,0,1,0,10,0,0,0,Sim
499,25,231.60,2,0,0,1,10,1,2,4,Sim
500,41,253.10,3,0,1,1,7,0,0,0,Nao
501,33,299.60,2,0,1,0,8,1,1,3,Sim
502,33,262.70,6,0,1,1,7,0,0,0,Nao
503,29,466.60,1,0,1,1,8,1,1,4,Sim
504,23,253.80,2,0,1,0,8,1,3,4,Sim
505,26,103.10,2,1,0,1,10,1,1,2,Sim
506,38,277.90,2,0,1,0,10,1,10,2,Sim
507,23,176.20,3,1,1,1,6,1,2,4,Nao
508,32,421.60,1,0,1,1,7,0,0,0,Sim
509,25,154.50,1,0,1,1,8,0,0,0,Sim
510,32,405.60,2,0,0,1,10,1,1,2,Nao
511,33,150.90,2,0,1,0,10,1,1,3,Sim
512,25,441.40,3,0,1,1,8,0,0,0,Sim
513,33,190.90,2,1,0,1,8,1,1,4,Sim
514,24,294.90,2,0,1,0,7,0,0,0,Sim
515,29,297.30,2,0,1,1,7,0,0,0,Nao
516,34,174.30,2,0,0,1,9,1,1,5,Sim
517,56,509.10,1,0,1,0,7,1,1,1,Sim
518,36,101.20,2,0,1,1,7,0,0,0,Nao
519,23,197.10,2,0,1,1,7,0,0,0,Nao
520,35,159.40,1,0,1,1,6,0,0,0,Nao
521,39,246.20,2,0,1,0,8,1,1,5,Nao
522,30,179.00,1,0,1,0,7,0,0,0,Nao
523,19,126.20,6,0,1,1,7,0,0,0,Sim
524,37,324.50,2,1,1,1,5,0,0,0,Sim
525,25,46.70,2,1,1,1,0,1,9,4,Nao
526,23,378.20,2,0,1,1,9,1,2,2,Nao
527,46,94.60,1,0,1,1,7,0,0,0,Nao
528,33,93.30,3,0,1,1,8,1,2,6,Nao
529,53,337.20,2,0,1,0,10,1,4,3,Sim
530,18,88.10,2,0,1,1,10,1,2,4,Sim
531,38,196.50,2,0,1,0,9,1,2,3,Sim
532,33,73.90,1,0,1,0,5,0,0,0,Nao
533,32,488.70,5,0,1,0,10,1,1,5,Sim
534,35,102.70,1,0,1,1,7,0,0,0,Nao
535,41,183.00,2,0,1,1,6,0,0,0,Nao
536,38,157.10,2,0,1,0,6,0,0,0,Nao
537,28,136.40,2,0,1,0,10,1,1,4,Nao
538,25,135.30,2,0,1,1,9,1,2,2,Sim
539,28,95.90,1,0,1,1,9,1,1,3,Sim
540,32,186.70,2,0,0,1,9,1,3,4,Sim
541,40,66.20,1,0,1,1,8,0,0,0,Nao
542,25,403.10,2,0,0,1,9,0,0,0,Nao
543,28,253.20,2,1,1,0,9,0,0,0,Sim
544,30,162.40,3,0,1,0,7,0,0,0,Nao
545,37,382.20,4,0,1,1,8,1,1,7,Sim
546,19,118.70,2,1,1,1,7,0,0,0,Nao
547,67,140.60,2,0,1,1,8,1,2,2,Nao
548,36,93.70,1,0,0,1,8,0,0,0,Nao
549,30,75.60,4,1,1,0,9,0,0,0,Sim
550,31,112.40,1,0,1,0,7,1,1,2,Sim
551,30,126.40,1,1,0,1,6,1,1,2,Sim
552,18,180.70,2,1,1,0,8,1,5,4,Sim
553,28,137.20,2,1,1,1,9,1,1,4,Sim
554,23,124.70,2,0,1,1,7,0,0,0,Nao
555,20,207.80,3,0,1,1,9,1,2,4,Sim
556,21,389.40,2,0,0,1,6,1,4,5,Sim
557,24,269.00,2,1,1,0,7,0,0,0,Nao
558,29,98.00,2,0,1,0,7,1,1,4,Sim
559,28,103.90,1,0,1,0,6,0,0,0,Nao
560,34,230.20,2,1,1,0,9,0,0,0,Nao
561,35,184.80,3,0,1,0,7,0,0,0,Nao
562,29,71.20,2,1,1,0,7,0,0,0,Nao
563,21,84.00,1,0,1,0,5,0,0,0,Nao
564,44,443.30,2,0,1,0,8,1,1,3,Sim
565,28,109.40,2,0,1,1,5,0,0,0,Nao
566,41,110.90,2,0,1,0,6,0,0,0,Nao
567,24,153.60,2,1,0,0,10,1,7,5,Sim
568,33,429.30,3,0,1,0,7,1,1,3,Nao
569,30,312.20,2,1,1,1,7,1,1,4,Sim
570,22,159.80,3,1,1,1,8,0,0,0,Sim
571,27,308.60,3,0,1,0,7,1,1,4,Sim
572,31,134.90,2,1,1,1,10,0,0,0,Nao
573,26,330.00,2,1,1,0,9,1,1,3,Nao
574,31,239.30,2,0,1,1,7,0,0,0,Sim
575,21,241.50,2,0,1,1,7,0,0,0,Nao
576,18,73.00,4,0,1,0,7,0,0,0,Sim
577,26,105.60,1,0,1,1,9,0,0,0,Nao
578,24,112.40,1,0,1,1,7,1,1,3,Nao
579,29,271.80,1,0,1,1,7,1,1,2,Nao
580,28,205.00,3,0,1,0,8,1,3,6,Sim
581,37,502.60,3,1,0,1,8,1,3,6,Nao
582,28,269.50,3,1,1,1,8,1,1,3,Sim
583,27,207.40,6,0,1,1,6,0,0,0,Sim
584,31,169.30,3,0,1,1,9,0,0,0,Sim
585,23,82.50,2,0,1,1,7,0,0,0,Nao
586,51,197.20,2,0,1,0,7,0,0,0,Nao
587,23,220.30,2,0,0,1,10,1,1,5,Sim
588,23,42.10,2,0,1,1,5,1,2,3,Nao
589,29,241.70,3,1,1,0,10,0,0,0,Sim
590,23,166.90,2,0,1,1,7,0,0,0,Nao
591,23,194.90,3,1,1,0,4,1,1,3,Nao
592,30,383.30,1,0,1,1,7,1,1,2,Sim
593,24,219.00,1,0,1,0,8,1,1,3,Nao
594,40,189.70,2,0,1,1,10,1,1,4,Sim
595,19,279.50,3,1,0,1,8,1,2,3,Sim
596,54,88.90,1,0,1,0,7,1,1,1,Nao
597,36,62.50,2,1,1,0,10,1,1,2,Nao
598,30,316.10,1,0,1,1,5,0,0,0,Nao
599,37,401.90,1,0,1,0,6,0,0,0,Nao
600,25,120.50,2,1,1,1,7,1,3,5,Nao
601,23,321.60,2,0,1,1,9,0,0,0,Sim
602,24,90.00,2,0,1,0,6,0,0,0,Nao
603,29,92.50,1,0,1,1,8,1,1,4,Nao
604,28,476.40,3,0,0,1,10,1,1,5,Sim
605,35,273.00,2,1,1,1,10,1,1,3,Sim
606,43,255.70,2,1,1,0,10,1,1,4,Sim
607,25,60.00,2,0,1,1,10,1,1,2,Sim
608,37,391.10,2,0,1,1,9,0,0,0,Nao
609,29,265.50,2,0,1,1,7,0,0,0,Sim
610,26,144.70,1,0,0,1,7,1,1,1,Sim
611,27,350.60,2,0,1,1,6,0,0,0,Sim
612,31,229.70,2,0,1,1,10,1,2,2,Sim
613,22,196.80,3,0,1,0,8,0,0,0,Sim
614,33,143.80,1,0,1,1,6,0,0,0,Nao
615,21,71.00,3,0,0,1,8,0,0,0,Nao
616,32,186.00,4,0,0,1,10,1,1,5,Sim
617,41,119.30,2,0,1,0,7,1,1,5,Sim
618,22,505.70,1,0,1,0,10,1,1,4,Sim
619,26,139.60,1,0,0,1,6,0,0,0,Nao
620,36,121.60,1,0,1,0,9,1,1,1,Nao
621,30,257.80,2,0,1,1,7,0,0,0,Sim
622,22,182.70,2,0,1,0,8,1,1,2,Sim
623,31,158.60,2,1,1,0,7,0,0,0,Nao
624,34,213.20,3,0,1,0,8,1,1,3,Nao
625,33,168.30,2,0,1,1,10,1,3,2,Sim
626,32,136.00,1,0,0,1,10,1,1,1,Nao
627,29,162.30,2,1,1,1,7,1,1,3,Sim
628,31,131.20,3,0,1,0,6,1,1,4,Sim
629,34,267.10,3,0,1,1,7,1,1,5,Sim
630,44,180.30,1,1,1,1,7,0,0,0,Nao
631,28,267.80,4,0,1,1,8,1,2,4,Sim
632,25,242.70,2,0,1,1,10,1,12,4,Sim
633,32,252.50,2,0,1,0,9,0,0,0,Sim
634,42,279.70,3,0,0,1,10,1,1,3,Sim
635,25,184.00,2,0,1,0,10,1,1,3,Sim
636,21,221.80,1,0,1,1,9,1,1,2,Sim
637,31,190.00,2,0,1,1,9,1,4,4,Sim
638,24,54.90,2,0,1,0,8,0,0,0,Nao
639,33,130.50,2,1,0,1,8,1,1,4,Sim
640,28,190.10,4,0,1,0,10,1,1,7,Nao
641,47,549.90,3,0,0,1,6,0,0,0,Sim
642,35,111.30,1,0,1,0,7,0,0,0,Nao
643,33,81.60,1,0,1,1,7,0,0,0,Nao
644,37,85.30,1,0,1,1,8,1,1,2,Nao
645,30,126.20,2,0,1,1,6,1,1,3,Nao
646,27,109.40,2,1,1,1,8,1,2,3,Nao
647,21,211.40,2,0,1,1,9,1,2,2,Sim
648,36,33.90,3,0,1,1,9,1,3,6,Nao
649,22,192.30,3,0,1,1,9,1,3,6,Nao
650,21,66.10,2,1,1,0,8,1,3,3,Sim
651,27,329.60,2,0,1,1,10,1,1,5,Sim
652,27,34.40,1,0,0,1,6,0,0,0,Nao
653,29,259.40,2,0,1,1,7,0,0,0,Nao
654,34,322.80,1,0,0,1,8,0,0,0,Sim
655,18,242.80,3,1,1,1,10,1,2,4,Sim
656,39,191.90,3,0,1,1,8,0,0,0,Nao
657,27,419.30,3,0,1,1,8,0,0,0,Nao
658,26,171.00,1,0,0,1,6,0,0,0,Nao
659,32,247.00,2,1,1,1,8,1,3,2,Sim
660,28,417.70,3,0,1,1,9,1,1,3,Nao
661,25,386.50,2,1,1,0,8,0,0,0,Nao
662,44,40.60,1,0,1,0,8,1,1,3,Nao
663,23,239.20,10,0,1,1,7,0,0,0,Sim
664,27,194.50,2,0,1,1,6,0,0,0,Nao
665,30,192.00,2,0,1,1,8,1,4,5,Sim
666,21,252.00,2,1,0,1,8,0,0,0,Nao
667,28,548.20,2,1,1,1,8,1,3,3,Sim
668,36,197.80,4,0,1,1,10,1,1,7,Sim
669,29,227.30,2,0,1,1,10,1,3,5,Sim
670,33,149.30,2,0,1,0,5,0,0,0,Nao
671,38,126.40,1,0,1,1,9,1,1,3,Nao
672,25,245.90,4,0,1,1,10,1,5,5,Sim
673,25,314.70,5,0,1,0,9,1,1,7,Nao
674,29,341.50,2,0,1,1,9,1,2,2,Sim
675,36,230.20,3,0,1,0,10,1,3,3,Sim
676,22,174.30,1,0,1,1,7,0,0,0,Sim
677,31,290.50,5,0,1,1,10,1,1,5,Sim
678,28,251.60,2,0,1,1,8,1,1,3,Sim
679,41,226.00,2,0,1,1,8,1,1,2,Sim
680,22,319.40,2,1,1,1,8,1,1,2,Sim
681,31,113.90,3,0,1,1,5,0,0,0,Nao
682,33,165.50,2,0,1,0,5,0,0,0,Nao
683,23,351.40,2,0,1,0,9,1,1,2,Nao
684,23,277.10,2,0,1,0,8,1,1,2,Sim
685,25,309.20,2,0,0,1,7,1,1,4,Nao
686,24,109.80,4,0,0,1,6,0,0,0,Nao
687,43,509.90,1,0,1,0,7,1,1,3,Sim
688,30,68.00,1,1,1,0,7,0,0,0,Sim
689,25,524.70,8,1,1,0,10,1,2,11,Sim
690,23,102.50,2,0,1,1,7,1,2,2,Nao
691,36,74.90,1,0,1,1,7,0,0,0,Nao
692,34,65.80,2,1,1,0,7,0,0,0,Nao
693,23,204.50,4,1,0,1,9,0,0,0,Nao
694,33,142.40,1,0,1,1,7,0,0,0,Sim
695,58,218.90,2,0,1,0,7,0,0,0,Nao
696,21,212.30,2,1,1,1,7,1,2,4,Sim
697,19,299.30,2,0,1,0,9,0,0,0,Nao
698,25,125.30,1,0,1,0,5,0,0,0,Nao
699,24,571.90,3,0,1,1,10,1,2,5,Sim
700,25,147.20,2,0,1,0,4,0,0,0,Nao
701,26,258.80,1,0,1,0,10,1,1,1,Sim
702,29,123.80,2,0,1,1,10,1,2,5,Sim
703,37,181.60,3,0,1,1,8,1,3,5,Sim
704,55,33.30,3,0,1,1,9,0,0,0,Sim
705,44,226.00,2,1,0,1,2,0,0,0,Nao
706,28,230.10,3,0,1,1,10,1,2,6,Sim
707,33,216.90,2,0,1,1,6,0,0,0,Nao
708,29,267.30,2,0,1,1,6,1,2,2,Nao
709,23,139.20,7,0,1,0,7,0,0,0,Nao
710,42,267.90,3,0,1,1,7,0,0,0,Nao
711,23,237.60,2,0,1,1,7,0,0,0,Nao
712,27,402.30,2,0,1,1,7,0,0,0,Sim
713,33,85.40,2,0,1,1,8,1,1,5,Nao
714,33,257.80,7,1,1,0,10,1,2,9,Sim
715,33,210.60,1,0,1,0,8,1,1,2,Nao
716,35,259.10,1,0,1,1,8,1,1,2,Nao
717,31,95.90,1,0,1,1,9,1,1,4,Nao
718,21,142.50,1,0,1,0,7,1,1,1,Nao
719,20,310.60,2,0,1,1,10,1,2,2,Sim
720,28,182.40,3,1,0,1,8,0,0,0,Nao
721,28,140.40,1,0,0,1,7,0,0,0,Nao
722,34,104.10,1,0,1,0,6,0,0,0,Nao
723,25,170.70,3,0,1,1,8,0,0,0,Sim
724,29,270.60,1,0,1,1,10,1,1,4,Nao
725,26,315.90,3,0,1,0,10,1,3,5,Sim
726,40,196.00,2,0,1,1,8,0,0,0,Nao
727,29,79.60,2,0,1,0,8,1,3,5,Nao
728,25,311.70,4,1,1,0,8,0,0,0,Nao
729,31,274.60,2,0,1,1,10,1,1,5,Sim
730,30,75.30,2,0,1,1,7,0,0,0,Nao
731,23,244.70,1,0,1,1,8,1,1,4,Nao
732,33,254.90,2,0,1,1,10,1,4,4,Sim
733,30,128.70,2,0,1,0,8,1,2,5,Sim
734,35,194.60,2,0,1,0,7,1,1,3,Sim
735,32,500.80,3,1,1,0,7,1,1,4,Sim
736,25,70.50,1,0,1,1,7,0,0,0,Nao
737,28,74.20,1,0,1,0,7,0,0,0,Nao
738,31,237.90,2,0,1,1,10,1,2,3,Sim
739,32,248.20,2,0,0,1,10,1,4,2,Sim
740,18,144.90,4,0,1,0,7,0,0,0,Sim
741,28,597.30,2,0,1,1,9,1,1,3,Nao
742,58,179.40,2,1,1,1,10,0,0,0,Nao
743,26,136.40,1,0,1,1,5,0,0,0,Nao
744,32,210.80,3,1,1,1,10,0,0,0,Sim
745,36,316.40,3,0,1,1,10,1,1,4,Sim
746,30,106.60,4,0,1,1,9,1,2,6,Sim
747,21,149.10,1,0,0,1,6,0,0,0,Nao
748,34,221.90,1,0,1,1,10,1,1,3,Nao
749,25,127.30,2,0,1,1,9,0,0,0,Nao
750,19,98.80,8,1,0,0,10,1,1,11,Sim
751,31,282.60,2,1,1,1,9,1,1,5,Sim
752,30,21.80,1,1,1,1,7,1,1,2,Nao
753,35,221.20,3,1,1,1,6,1,1,3,Sim
754,30,148.70,2,0,0,1,9,1,2,5,Nao
755,46,85.40,1,0,1,1,8,1,1,1,Sim
756,26,223.80,2,0,1,0,8,0,0,0,Nao
757,25,78.90,4,0,1,1,8,1,1,7,Sim
758,22,264.90,1,1,1,1,7,1,1,1,Sim
759,21,202.80,2,1,1,1,8,1,1,4,Sim
760,23,268.90,1,0,1,1,10,0,0,0,Sim
761,29,150.20,1,0,1,1,8,1,1,2,Nao
762,34,72.10,2,0,1,0,6,0,0,0,Nao
763,27,217.20,1,1,0,1,9,1,1,1,Nao
764,22,246.90,2,0,1,1,7,0,0,0,Nao
765,32,311.70,4,1,1,1,8,0,0,0,Nao
766,65,197.30,3,0,1,1,10,1,1,3,Sim
767,37,241.90,2,0,1,0,5,1,3,4,Nao
768,30,117.50,3,0,1,0,8,0,0,0,Nao
769,24,385.80,2,0,1,0,6,1,1,5,Nao
770,30,363.00,4,0,1,1,10,1,1,7,Sim
771,25,52.90,2,1,1,1,10,0,0,0,Sim
772,44,99.60,2,0,0,1,6,0,0,0,Sim
773,31,247.80,2,1,1,1,8,1,2,3,Sim
774,22,126.70,2,0,1,0,6,0,0,0,Nao
775,23,203.10,2,0,1,0,8,1,2,4,Nao
776,34,170.80,2,1,1,0,6,0,0,0,Nao
777,33,163.20,1,0,1,1,7,1,1,1,Sim
778,25,291.60,2,1,1,1,5,1,4,5,Nao
779,24,403.10,2,0,0,1,9,0,0,0,Sim
780,25,319.30,1,1,1,0,10,1,1,3,Sim
781,36,233.80,2,0,1,0,9,0,0,0,Nao
782,38,125.80,5,1,1,1,8,1,1,6,Sim
783,27,264.70,2,1,0,0,7,1,3,4,Sim
784,33,130.50,1,0,1,1,7,0,0,0,Nao
785,27,344.10,5,0,1,1,9,1,3,5,Sim
786,62,727.30,1,1,1,1,8,1,1,4,Sim
787,25,184.90,1,0,1,0,6,0,0,0,Nao
788,30,203.80,2,0,0,1,8,1,1,2,Sim
789,32,226.90,1,0,0,1,9,1,1,2,Nao
790,23,292.80,1,0,1,1,7,0,0,0,Nao
791,23,111.60,2,0,1,1,7,0,0,0,Sim
792,35,190.80,2,0,1,0,10,1,1,4,Nao
793,30,60.70,2,0,1,0,7,1,3,2,Sim
794,34,183.60,2,0,1,0,10,1,1,4,Nao
795,25,277.20,2,0,1,1,6,0,0,0,Sim
796,20,350.10,5,1,1,1,4,1,6,6,Sim
797,27,166.90,2,0,1,0,10,1,3,2,Sim
798,31,255.90,9,0,1,0,7,0,0,0,Sim
799,25,317.00,2,1,1,0,8,1,3,3,Sim
800,38,238.00,1,0,1,1,10,1,1,1,Sim
801,39,130.50,2,1,0,1,0,1,1,2,Nao
802,31,221.20,4,0,1,0,9,1,1,7,Sim
803,23,72.70,2,0,0,1,5,0,0,0,Nao
804,33,283.10,2,0,1,1,8,1,3,2,Nao
805,31,408.00,1,0,1,1,6,0,0,0,Sim
806,25,183.00,2,0,1,1,9,1,1,5,Sim
807,45,128.00,3,0,1,0,10,0,0,0,Sim
808,27,139.20,1,0,0,1,6,0,0,0,Nao
809,32,67.70,4,0,1,0,6,0,0,0,Nao
810,42,183.70,2,0,0,1,9,1,2,3,Sim
811,21,546.90,3,0,1,1,7,1,3,3,Sim
812,36,233.80,2,0,0,1,9,0,0,0,Sim
813,36,182.10,7,0,1,0,5,0,0,0,Nao
814,21,59.20,1,0,0,1,10,1,1,1,Sim
815,31,186.10,3,0,1,0,8,1,1,4,Nao
816,24,165.10,3,0,0,1,5,1,3,3,Nao
817,22,218.30,2,1,1,1,9,1,1,4,Sim
818,29,124.70,1,0,1,1,7,0,0,0,Nao
819,28,281.60,2,1,1,0,7,1,2,4,Nao
820,37,53.60,2,0,1,1,10,1,1,4,Sim
821,34,226.10,6,0,1,1,7,0,0,0,Sim
822,27,177.40,6,0,0,1,5,0,0,0,Sim
823,30,260.20,2,0,1,1,6,1,2,3,Sim
824,41,145.10,1,0,1,1,6,0,0,0,Nao
825,21,329.40,2,0,0,1,6,1,1,3,Nao
826,39,356.90,2,0,1,0,8,0,0,0,Nao
827,38,380.30,1,0,1,1,9,0,0,0,Nao
828,18,225.40,2,1,0,0,9,0,0,0,Nao
829,20,114.80,3,0,1,0,8,0,0,0,Sim
830,25,166.30,2,0,0,1,6,0,0,0,Nao
831,36,245.50,2,0,1,0,10,1,1,5,Sim
832,38,301.20,4,1,1,1,6,1,1,6,Sim
833,25,200.70,1,0,0,1,9,1,1,2,Sim
834,29,53.70,8,0,1,0,9,0,0,0,Sim
835,31,150.30,1,0,1,1,9,1,1,4,Sim
836,43,112.90,1,0,1,0,8,0,0,0,Sim
837,74,127.40,2,0,1,0,7,0,0,0,Nao
838,27,121.20,3,0,1,1,9,1,2,3,Sim
839,21,58.20,4,1,1,1,7,1,5,4,Sim
840,18,57.40,2,0,1,0,8,1,2,5,Nao
841,23,329.50,4,0,1,1,9,0,0,0,Nao
842,32,329.50,4,0,1,1,9,0,0,0,Nao
843,41,173.00,1,0,1,0,8,1,1,3,Nao
844,31,128.20,1,0,1,0,9,1,1,4,Sim
845,22,45.40,2,1,1,0,9,1,2,2,Nao
846,27,256.30,2,0,1,1,6,1,1,4,Sim
847,32,46.30,7,1,1,0,7,0,0,0,Sim
848,31,92.50,1,0,1,0,8,1,1,4,Nao
849,25,317.90,3,0,1,0,6,0,0,0,Sim
850,32,317.00,2,0,1,1,10,1,1,3,Sim
851,21,110.40,2,0,1,0,5,0,0,0,Nao
852,21,208.00,2,0,1,1,7,0,0,0,Sim
853,26,79.30,3,0,1,0,5,0,0,0,Nao
854,30,138.50,2,0,1,0,7,0,0,0,Nao
855,28,78.20,3,0,0,1,8,0,0,0,Nao
856,45,229.90,2,0,1,1,10,1,3,4,Sim
857,33,70.50,2,0,0,1,5,0,0,0,Nao
858,26,68.90,1,0,0,1,6,0,0,0,Nao
859,34,56.70,1,0,1,1,8,0,0,0,Nao
860,42,278.10,5,0,0,1,10,1,1,7,Sim
861,21,62.40,2,0,1,1,10,1,1,5,Nao
862,43,65.00,1,0,1,1,6,0,0,0,Nao
863,33,72.30,1,0,1,1,7,0,0,0,Nao
864,34,194.90,2,0,1,1,10,1,1,3,Nao
865,22,145.60,1,0,1,1,7,0,0,0,Nao
866,24,280.20,3,1,1,1,9,1,4,3,Sim
867,46,102.30,10,1,1,0,7,0,0,0,Sim
868,27,293.20,2,1,1,1,10,1,3,3,Nao
869,48,300.10,3,0,1,1,9,1,1,4,Sim
870,33,420.30,2,0,1,1,10,1,2,3,Sim
871,38,155.60,2,0,1,1,7,0,0,0,Nao
872,21,133.40,1,0,0,1,5,0,0,0,Nao
873,24,84.60,1,0,1,1,7,1,1,1,Nao
874,25,117.70,2,0,1,0,8,0,0,0,Nao
875,25,277.10,2,0,1,0,10,0,0,0,Nao
876,27,196.70,1,1,1,1,10,1,1,2,Sim
877,41,197.30,2,1,1,1,9,1,1,3,Sim
878,28,84.30,3,0,1,0,8,0,0,0,Nao
879,35,117.20,3,0,1,1,7,0,0,0,Nao
880,28,230.30,5,1,1,1,9,1,1,8,Sim
881,30,171.40,2,0,1,1,7,1,1,2,Nao
882,33,77.60,2,0,1,1,7,0,0,0,Sim
883,37,214.50,3,0,0,1,9,1,1,3,Sim
884,28,101.70,2,1,1,1,10,1,3,2,Sim
885,19,108.00,2,0,1,0,6,0,0,0,Sim
886,28,61.20,4,0,1,1,8,1,1,4,Nao
887,31,280.60,1,0,1,1,8,1,1,1,Nao
888,31,600.60,1,0,0,1,5,1,1,4,Sim
889,37,361.90,2,0,1,0,10,1,2,2,Sim
890,25,126.40,2,0,1,0,8,0,0,0,Nao
891,26,219.30,2,0,1,0,7,0,0,0,Nao
892,36,196.00,2,0,1,1,8,0,0,0,Nao
893,24,120.20,2,0,1,1,6,1,1,5,Nao
894,33,68.30,2,0,0,1,8,0,0,0,Nao
895,30,137.30,1,0,1,1,8,1,1,4,Nao
896,42,369.20,1,1,1,1,9,1,1,1,Nao
897,27,172.70,2,0,1,1,6,1,1,4,Nao
898,20,265.60,2,1,1,0,10,1,1,4,Sim
899,19,170.50,2,0,1,1,8,1,1,3,Nao
900,44,210.40,2,1,1,0,7,0,0,0,Sim
901,38,75.50,2,0,0,1,6,0,0,0,Nao
902,20,140.20,1,0,1,1,8,1,1,4,Nao
903,20,234.40,2,0,1,1,10,1,1,2,Sim
904,35,284.20,1,0,1,0,10,1,1,2,Sim
905,29,477.70,1,0,1,0,8,1,1,1,Sim
906,32,111.60,1,0,1,0,7,0,0,0,Nao
907,26,300.90,4,0,1,1,7,0,0,0,Sim
908,27,192.90,1,1,1,1,8,1,1,1,Nao
909,35,96.50,1,0,1,0,10,1,1,1,Nao
910,31,150.60,1,0,1,0,8,0,0,0,Nao
911,24,80.00,1,0,1,0,6,0,0,0,Nao
912,30,187.80,2,0,1,0,10,1,2,2,Sim
913,25,164.60,1,0,0,1,7,0,0,0,Nao
914,32,115.50,2,0,1,0,8,0,0,0,Nao
915,38,188.30,2,1,1,1,10,1,3,2,Sim
916,22,332.60,2,0,1,0,7,0,0,0,Sim
917,25,218.70,2,0,1,1,8,1,2,2,Sim
918,41,50.00,9,1,1,1,7,1,5,10,Sim
919,29,170.00,2,0,1,0,7,0,0,0,Nao
920,30,221.70,2,0,1,1,9,1,3,5,Nao
921,28,72.10,2,1,1,1,7,0,0,0,Nao
922,33,485.90,2,0,0,1,5,0,0,0,Nao
923,37,88.70,1,1,1,1,6,0,0,0,Nao
924,36,176.50,2,0,0,1,6,1,2,3,Sim
925,23,124.90,5,0,1,0,8,1,2,6,Sim
926,23,239.60,1,0,1,1,10,1,1,3,Sim
927,38,157.00,1,0,1,1,8,1,1,1,Sim
928,29,186.00,2,1,1,0,5,1,1,4,Nao
929,28,34.40,3,0,1,0,10,1,3,3,Sim
930,37,113.30,7,0,1,1,7,0,0,0,Nao
931,27,493.50,1,0,1,1,8,1,1,1,Sim
932,22,55.00,1,0,1,1,7,0,0,0,Nao
933,36,229.70,2,0,1,1,10,1,3,2,Sim
934,19,160.80,2,0,1,1,10,1,1,3,Sim
935,30,165.40,2,0,1,0,8,1,2,3,Sim
936,28,122.50,3,0,1,0,7,1,4,6,Sim
937,31,64.30,4,0,1,0,7,0,0,0,Sim
938,24,242.70,2,1,1,1,10,0,0,0,Nao
939,29,324.50,2,0,1,0,9,1,1,5,Sim
940,29,252.90,1,0,1,1,8,1,1,1,Nao
941,40,160.00,2,0,1,1,8,0,0,0,Sim
942,23,57.30,2,0,1,0,8,1,5,3,Sim
943,26,105.00,5,0,1,1,7,0,0,0,Sim
944,36,145.80,4,0,1,0,9,1,1,4,Sim
945,40,294.90,2,0,1,0,8,1,4,4,Sim
946,27,200.20,4,0,1,1,10,1,5,7,Sim
947,27,569.80,3,1,1,1,5,1,1,6,Sim
948,33,352.70,9,1,0,0,6,1,1,9,Sim
949,29,236.20,3,0,1,1,8,1,2,5,Sim
950,26,580.50,2,0,1,0,10,1,1,2,Sim
951,21,305.80,2,0,1,1,6,0,0,0,Sim
952,35,204.00,3,0,1,0,10,1,2,5,Sim
953,34,182.80,4,0,1,0,6,0,0,0,Nao
954,20,126.40,4,1,1,1,7,0,0,0,Sim
955,24,207.70,2,1,0,1,10,1,1,2,Nao
956,28,52.20,2,0,1,1,6,0,0,0,Nao
957,52,200.40,1,1,0,1,8,1,1,2,Nao
958,31,111.10,8,0,1,1,7,0,0,0,Sim
959,21,309.50,2,0,1,1,9,1,3,3,Sim
960,25,173.00,1,0,1,1,8,1,1,1,Nao
961,34,407.10,2,0,1,1,7,0,0,0,Sim
962,26,122.30,1,0,1,1,8,1,1,3,Nao
963,27,386.50,2,1,1,1,8,0,0,0,Nao
964,38,246.70,2,0,1,0,9,1,1,2,Nao
965,40,91.90,3,0,1,0,8,0,0,0,Nao
966,36,73.20,1,0,1,0,9,1,1,4,Sim
967,20,121.90,2,0,1,1,10,1,3,3,Sim
968,26,217.60,2,0,1,0,10,1,1,4,Sim
969,25,320.00,3,1,1,0,9,0,0,0,Sim
970,21,119.40,1,0,1,1,7,1,1,4,Sim
971,37,296.00,2,0,1,1,10,1,1,2,Sim
972,27,197.90,2,0,1,0,10,1,1,5,Sim
973,41,216.40,5,0,1,1,7,0,0,0,Sim
974,30,169.90,1,0,1,0,6,0,0,0,Nao
975,28,291.80,3,1,1,0,9,0,0,0,Sim
976,25,284.20,1,0,0,1,9,1,1,2,Nao
977,28,364.60,2,1,1,1,7,0,0,0,Nao
978,37,387.60,4,1,1,0,9,1,1,6,Sim
979,20,190.40,4,0,1,1,10,1,1,5,Sim
980,27,219.00,3,0,1,1,7,0,0,0,Sim
981,24,162.50,2,0,1,0,10,1,2,3,Nao
982,39,326.20,3,0,1,0,6,1,1,3,Sim
983,30,512.20,3,0,1,1,6,1,4,6,Sim
984,30,61.60,1,0,1,0,9,0,0,0,Nao
985,41,181.40,2,1,1,1,5,0,0,0,Nao
986,26,536.50,4,0,1,0,8,1,1,4,Sim
987,47,439.40,2,0,1,0,10,1,2,3,Sim
988,26,275.60,3,0,1,0,7,1,1,6,Sim
989,33,595.50,3,0,1,1,7,1,1,3,Nao
990,20,194.40,2,0,1,1,10,1,2,4,Sim
991,19,86.00,2,0,1,0,6,0,0,0,Nao
992,24,214.40,2,0,1,0,6,0,0,0,Nao
993,37,310.70,2,0,1,1,10,1,1,4,Sim
994,25,47.90,4,0,1,1,9,0,0,0,Sim
995,23,205.90,3,0,1,0,7,0,0,0,Sim
996,43,518.10,4,0,1,0,6,1,2,6,Sim
997,20,344.10,2,1,1,1,10,1,1,2,Sim
998,24,509.70,2,1,1,1,9,1,1,5,Nao
999,20,72.00,2,0,1,1,7,0,0,0,Nao
1000,41,288.30,2,0,1,1,10,1,1,2,Sim
1001,28,188.90,2,1,1,0,9,1,1,5,Sim
1002,22,39.20,2,0,1,1,7,1,1,2,Sim
1003,35,533.60,1,0,1,0,7,0,0,0,Sim
1004,28,140.20,4,0,1,1,10,1,2,6,Sim
1005,27,104.00,2,1,1,1,8,0,0,0,Sim
1006,39,55.50,1,1,1,1,8,0,0,0,Nao
1007,32,191.20,2,0,0,1,10,1,2,3,Nao
1008,26,143.90,2,0,1,1,10,0,0,0,Sim
1009,27,384.40,2,0,1,1,8,0,0,0,Nao
1010,27,502.30,3,0,1,1,7,0,0,0,Sim
1011,38,330.30,3,0,1,0,10,1,1,6,Sim
1012,35,236.40,4,1,1,1,10,1,1,6,Sim
1013,31,384.40,2,0,1,1,8,0,0,0,Nao
1014,51,112.80,5,0,1,0,6,0,0,0,Nao
1015,33,419.30,3,0,1,1,8,0,0,0,Sim
1016,23,289.50,1,0,1,1,8,1,1,1,Sim
1017,28,186.70,2,0,1,1,8,1,3,5,Sim
1018,19,367.90,3,1,1,1,7,1,1,5,Sim
1019,29,177.40,4,0,0,1,6,0,0,0,Sim
1020,22,253.90,3,0,1,1,9,1,1,3,Sim
1021,38,150.10,1,1,1,0,8,0,0,0,Nao
1022,41,391.10,2,0,1,0,9,0,0,0,Nao
1023,22,245.80,1,0,1,1,10,1,1,2,Nao
1024,22,91.40,3,0,1,0,7,0,0,0,Nao
1025,42,155.40,2,0,0,1,9,1,2,5,Nao
1026,31,277.90,4,1,1,1,7,1,2,5,Sim
1027,32,126.70,1,0,1,1,6,0,0,0,Nao
1028,31,214.90,3,0,0,1,5,0,0,0,Nao
1029,34,113.70,4,0,1,1,7,0,0,0,Nao
1030,31,84.60,6,0,1,1,6,0,0,0,Nao
1031,28,180.50,1,0,0,1,6,1,1,3,Sim
1032,21,412.70,1,0,1,1,9,1,1,2,Nao
1033,20,35.30,2,0,1,1,6,0,0,0,Nao
1034,30,129.30,3,0,1,1,5,0,0,0,Nao
1035,27,377.30,3,0,0,1,7,0,0,0,Nao
1036,31,210.80,3,1,1,0,10,0,0,0,Nao
1037,24,82.00,1,0,1,1,7,1,1,3,Nao
1038,30,127.50,1,0,1,0,5,0,0,0,Nao
1039,26,247.10,4,0,1,1,7,0,0,0,Nao
1040,31,93.30,1,0,0,1,8,0,0,0,Nao
1041,46,229.10,2,1,1,0,9,1,2,4,Sim
1042,35,138.30,1,0,1,0,9,1,1,2,Sim
1043,27,87.60,1,0,0,1,6,1,1,1,Nao
1044,36,69.10,2,0,1,1,7,0,0,0,Sim
1045,31,236.60,1,0,1,1,8,1,1,2,Nao
1046,24,139.50,4,0,1,1,6,0,0,0,Nao
1047,56,252.60,2,0,0,1,6,1,2,5,Nao
1048,46,280.30,2,1,1,1,8,1,4,3,Nao
1049,21,156.30,2,0,1,0,8,1,2,3,Sim
1050,32,402.60,3,1,0,1,8,1,1,6,Sim
1051,30,286.10,2,0,1,1,10,1,3,3,Sim
1052,34,471.00,7,0,0,1,8,1,3,8,Sim
1053,27,184.90,2,0,1,0,7,0,0,0,Nao
1054,22,196.50,2,0,0,1,10,1,1,4,Nao
1055,46,228.00,4,0,1,0,9,0,0,0,Sim
1056,33,376.00,1,1,1,1,9,0,0,0,Sim
1057,53,128.20,1,0,1,0,9,1,1,1,Sim
1058,20,376.00,1,1,1,0,9,0,0,0,Nao
1059,25,82.00,1,0,1,0,7,0,0,0,Nao
1060,30,103.10,3,0,0,1,6,0,0,0,Nao
1061,26,206.90,4,0,1,1,7,1,1,5,Sim
1062,25,73.10,2,0,1,1,7,0,0,0,Nao
1063,24,236.80,5,0,1,0,9,1,1,5,Sim
1064,27,185.50,3,1,0,1,8,1,1,3,Nao
1065,36,123.70,2,1,1,0,6,0,0,0,Nao
1066,29,72.70,1,0,1,0,9,1,1,2,Sim
1067,28,99.20,1,0,1,1,8,0,0,0,Nao
1068,27,349.50,2,0,1,0,8,1,3,3,Sim
1069,28,155.20,6,0,1,0,8,1,3,9,Sim
1070,32,175.90,1,0,1,1,9,0,0,0,Nao
1071,25,396.40,2,0,1,1,8,1,1,2,Sim
1072,27,93.40,5,0,1,1,7,1,6,15,Sim
1073,30,29.90,9,0,1,1,7,0,0,0,Sim
1074,44,223.50,1,1,1,1,10,0,0,0,Nao
1075,24,167.60,4,0,1,1,10,1,1,7,Sim
1076,32,169.40,1,0,1,1,9,1,1,1,Nao
1077,18,82.90,2,0,1,1,7,1,6,3,Sim
1078,23,356.90,2,0,1,0,8,0,0,0,Nao
1079,24,264.50,2,0,1,1,10,1,3,2,Nao
1080,34,116.10,1,0,1,1,6,0,0,0,Nao
1081,28,205.30,2,0,1,1,6,0,0,0,Nao
1082,37,93.00,1,0,1,1,9,1,1,3,Sim
1083,25,184.00,3,0,1,1,10,1,1,4,Sim
1084,23,116.10,2,0,1,0,6,1,2,5,Sim
1085,28,71.50,2,0,1,0,5,0,0,0,Nao
1086,34,270.00,2,0,1,1,8,0,0,0,Nao
1087,22,83.80,2,0,0,1,6,1,4,5,Nao
1088,25,190.30,3,0,1,0,6,0,0,0,Nao
1089,38,300.50,2,0,1,1,10,1,3,4,Nao
1090,32,74.40,3,0,1,0,6,0,0,0,Nao
1091,32,48.30,2,0,0,1,6,0,0,0,Nao
1092,21,222.10,2,1,1,1,10,1,1,2,Sim
1093,29,102.00,1,0,1,0,9,0,0,0,Nao
1094,33,219.40,6,1,1,0,9,0,0,0,Sim
1095,29,191.90,1,0,1,0,7,0,0,0,Nao
1096,23,67.60,3,0,1,1,6,0,0,0,Nao
1097,28,172.20,2,0,1,1,6,0,0,0,Nao
1098,35,107.90,3,0,1,1,7,0,0,0,Nao
1099,27,325.10,3,0,1,1,8,1,5,6,Sim
1100,20,178.20,2,0,1,0,10,1,1,2,Sim
1101,44,131.30,1,0,1,1,7,0,0,0,Nao
1102,44,668.80,1,0,1,1,10,1,1,1,Sim
1103,37,79.20,1,0,1,1,8,1,1,3,Nao
1104,25,196.80,3,0,0,1,8,0,0,0,Sim
1105,23,93.10,2,0,1,1,7,0,0,0,Sim
1106,32,259.70,2,0,1,1,7,0,0,0,Nao
1107,22,278.30,3,1,1,1,9,1,2,6,Sim
1108,19,121.60,2,0,1,0,7,1,1,2,Nao
1109,35,144.00,1,0,1,0,9,1,1,1,Nao
1110,28,206.50,2,0,1,1,10,0,0,0,Nao
1111,22,365.80,3,1,1,1,10,1,4,5,Sim
1112,27,382.00,1,0,1,1,10,1,1,1,Sim
1113,29,48.70,2,0,1,1,9,0,0,0,Nao
1114,27,254.90,2,1,1,0,8,1,1,2,Sim
1115,34,329.80,2,0,0,1,10,1,2,2,Sim
1116,20,580.70,3,0,1,1,10,1,1,5,Sim
1117,36,361.90,2,0,0,1,6,1,2,5,Sim
1118,26,500.50,3,1,1,0,6,1,3,5,Sim
1119,29,137.80,1,0,1,0,8,0,0,0,Sim
1120,31,383.20,2,0,1,0,10,1,1,2,Sim
1121,21,202.20,3,0,1,0,8,1,3,5,Sim
1122,21,95.90,1,0,1,1,7,0,0,0,Nao
1123,26,484.80,3,1,1,1,9,1,1,6,Sim
1124,36,159.70,1,1,1,1,8,0,0,0,Nao
1125,22,138.60,3,1,1,0,5,0,0,0,Nao
1126,36,128.80,2,0,1,1,7,0,0,0,Nao
1127,24,371.40,4,1,1,1,0,0,0,0,Nao
1128,39,157.00,1,0,1,0,8,1,1,4,Nao
1129,39,143.80,3,0,1,1,9,1,3,6,Sim
1130,31,146.40,1,1,1,1,7,0,0,0,Nao
1131,31,254.60,2,0,1,1,7,0,0,0,Nao
1132,19,214.10,2,0,1,0,8,1,1,5,Sim
1133,31,512.90,4,1,1,0,9,0,0,0,Sim
1134,35,199.50,3,0,0,1,8,1,1,5,Sim
1135,29,165.20,2,0,1,0,8,1,1,3,Nao
1136,33,104.40,2,0,1,1,7,0,0,0,Nao
1137,38,152.50,2,0,1,1,7,0,0,0,Nao
1138,24,232.00,4,1,1,0,9,1,3,6,Sim
1139,28,263.50,2,0,1,0,5,1,2,4,Sim
1140,25,507.40,2,0,0,1,7,0,0,0,Sim
1141,35,231.30,2,0,1,0,9,1,3,5,Sim
1142,33,341.90,3,0,1,1,6,1,2,3,Sim
1143,26,430.90,2,0,1,0,10,1,3,3,Nao
1144,22,94.80,2,0,1,0,7,0,0,0,Sim
1145,23,190.60,2,1,1,0,9,0,0,0,Nao
1146,39,160.90,1,0,0,1,8,0,0,0,Nao
1147,27,229.10,5,0,1,0,8,1,1,6,Sim
1148,37,98.30,2,0,1,0,6,0,0,0,Sim
1149,26,238.20,3,0,0,1,9,1,1,3,Nao
1150,42,213.40,1,0,1,1,7,1,1,1,Nao
1151,30,303.30,3,0,1,0,9,0,0,0,Sim
1152,34,118.40,3,0,1,0,8,1,2,3,Nao
1153,23,73.90,2,0,1,0,6,0,0,0,Nao
1154,42,522.70,2,0,1,1,5,0,0,0,Nao
1155,31,221.70,2,0,0,1,5,1,1,2,Nao
1156,31,66.90,1,0,0,1,6,0,0,0,Nao
1157,25,152.10,3,0,1,0,8,1,1,6,Sim
1158,31,458.20,2,0,1,1,10,1,1,2,Sim
1159,20,95.00,1,0,1,1,7,0,0,0,Nao
1160,35,212.60,3,0,0,1,10,1,1,4,Sim
1161,20,216.60,2,0,1,1,10,1,1,2,Sim
1162,19,292.70,2,1,1,1,8,1,1,5,Sim
1163,27,413.00,2,0,1,1,7,1,1,5,Sim
1164,27,76.10,1,0,1,0,10,0,0,0,Nao
1165,33,152.70,2,0,1,0,10,1,3,2,Sim
1166,26,163.20,1,0,1,1,7,1,1,1,Nao
1167,26,291.30,2,1,1,1,8,1,2,3,Nao
1168,25,207.40,1,0,1,1,7,0,0,0,Nao
1169,33,286.20,3,0,1,1,8,1,2,3,Sim
1170,28,262.10,3,0,1,0,7,1,2,3,Sim
1171,20,587.10,2,0,1,1,8,1,1,2,Nao
1172,21,150.20,1,0,1,0,8,1,1,4,Nao
1173,31,338.20,3,0,1,1,10,1,1,5,Sim
1174,26,293.70,4,0,1,1,8,0,0,0,Sim
1175,23,117.80,2,0,1,1,9,1,3,5,Sim
1176,27,142.90,2,0,1,0,9,0,0,0,Sim
1177,43,178.70,2,1,1,1,8,1,2,4,Sim
1178,19,159.90,3,1,1,1,10,1,2,6,Sim
1179,27,159.80,2,0,1,0,8,0,0,0,Sim
1180,28,336.90,3,0,1,1,10,1,1,3,Sim
1181,30,289.60,2,1,1,1,7,1,1,2,Nao
1182,23,373.20,3,0,1,0,5,1,3,3,Sim
1183,50,311.60,2,0,1,0,10,1,1,4,Sim
1184,30,153.40,1,0,1,0,8,0,0,0,Nao
1185,28,172.00,1,0,1,0,9,1,1,2,Sim
1186,24,330.70,1,1,1,1,8,0,0,0,Sim
1187,59,125.50,2,0,0,1,9,1,1,3,Sim
1188,33,256.40,3,0,1,0,6,1,1,5,Sim
1189,42,227.80,3,1,1,1,10,1,1,3,Nao
1190,26,184.60,5,1,1,1,6,1,2,5,Sim
1191,30,479.20,2,0,0,1,9,1,2,3,Sim
1192,34,395.20,6,0,0,1,10,1,1,8,Sim
1193,31,126.20,2,0,1,1,7,0,0,0,Sim
1194,40,213.00,1,0,0,1,8,1,1,2,Sim
1195,36,105.40,2,0,1,1,7,0,0,0,Nao
1196,32,72.50,3,0,1,1,7,0,0,0,Nao
1197,30,169.10,2,0,1,1,7,0,0,0,Sim
1198,33,356.50,2,0,0,1,9,0,0,0,Sim
1199,34,80.80,3,0,0,1,10,1,1,5,Nao
1200,40,117.30,3,0,1,0,7,0,0,0,Nao
1201,22,185.60,2,1,1,0,7,0,0,0,Nao
1202,23,28.30,2,0,0,1,7,0,0,0,Nao
1203,30,175.40,3,0,1,1,7,0,0,0,Nao
1204,22,363.50,3,0,1,0,8,1,2,3,Sim
1205,25,158.00,3,1,1,1,8,1,1,12,Sim
1206,39,119.40,1,0,1,0,7,1,1,3,Nao
1207,28,88.10,5,0,0,1,6,0,0,0,Nao
1208,32,123.10,2,0,1,1,7,0,0,0,Nao
1209,60,166.50,2,0,1,1,7,0,0,0,Sim
1210,26,182.60,3,0,1,0,7,1,2,3,Sim
1211,32,321.40,5,0,1,0,10,1,2,8,Sim
1212,54,214.90,1,1,1,1,10,1,1,4,Sim
1213,32,107.30,2,0,1,0,9,1,1,3,Sim
1214,23,170.30,4,0,0,1,10,1,1,4,Sim
1215,29,223.80,2,0,0,1,8,0,0,0,Sim
1216,18,109.00,2,0,1,1,6,0,0,0,Nao
1217,18,154.80,2,1,1,1,9,1,2,2,Nao
1218,28,21.80,3,1,1,1,9,1,6,4,Sim
1219,21,68.00,1,0,1,1,8,1,1,3,Nao
1220,34,342.80,2,1,1,0,7,0,0,0,Nao
1221,32,100.60,1,0,0,1,6,0,0,0,Nao
1222,28,186.60,2,0,0,1,8,1,1,3,Nao
1223,32,131.90,2,0,1,1,7,0,0,0,Nao
1224,25,167.20,2,1,1,1,7,1,1,2,Nao
1225,29,196.60,2,0,1,1,8,1,3,4,Sim
1226,33,85.30,1,0,1,1,8,1,1,2,Nao
1227,29,146.40,2,1,1,0,10,1,3,5,Sim
1228,26,200.40,2,0,1,1,10,1,1,2,Sim
1229,29,180.00,2,0,1,1,5,0,0,0,Nao
1230,23,165.60,2,0,1,1,8,1,1,4,Nao
1231,20,184.30,1,0,1,0,9,0,0,0,Nao
1232,38,422.00,2,0,1,0,8,1,1,4,Sim
1233,19,266.20,1,1,1,0,6,1,1,3,Nao
1234,25,135.90,2,0,1,1,7,0,0,0,Nao
1235,32,245.30,2,0,0,1,10,1,7,2,Sim
1236,24,212.90,2,0,0,1,6,0,0,0,Sim
1237,29,65.30,1,0,0,1,6,0,0,0,Nao
1238,47,108.90,3,0,0,1,5,0,0,0,Nao
1239,35,99.10,2,0,1,0,7,0,0,0,Nao
1240,33,125.30,2,0,1,1,7,0,0,0,Nao
1241,27,213.80,3,0,1,1,7,0,0,0,Sim
1242,21,128.40,1,0,1,1,7,0,0,0,Nao
1243,20,165.60,4,1,0,0,8,1,1,6,Nao
1244,48,373.40,2,0,0,1,9,1,2,5,Sim
1245,32,292.20,2,1,1,0,6,1,1,2,Nao
1246,29,128.70,2,0,1,1,8,0,0,0,Sim
1247,24,409.30,1,0,1,0,7,0,0,0,Sim
1248,31,342.30,2,0,1,0,10,0,0,0,Sim
1249,31,144.30,2,0,1,1,10,1,1,2,Sim
1250,34,281.10,2,1,1,1,7,0,0,0,Nao
1251,32,117.40,2,0,0,1,6,0,0,0,Nao
1252,20,262.40,1,0,0,1,9,1,1,2,Nao
1253,30,321.70,1,0,1,1,8,1,1,4,Nao
1254,52,181.10,1,0,1,0,5,1,1,1,Sim
1255,20,295.10,4,0,0,1,6,0,0,0,Nao
1256,21,130.90,2,0,1,0,7,0,0,0,Nao
1257,22,67.90,2,0,1,1,7,0,0,0,Nao
1258,40,50.40,1,0,1,0,8,0,0,0,Nao
1259,35,293.70,4,0,1,1,8,0,0,0,Sim
1260,26,150.20,2,0,1,1,8,0,0,0,Nao
1261,45,290.80,3,0,1,1,6,0,0,0,Nao
1262,37,601.30,1,0,1,1,7,0,0,0,Nao
1263,26,106.60,1,1,1,1,7,0,0,0,Nao
1264,29,112.60,3,0,1,0,5,0,0,0,Nao
1265,21,136.00,1,0,0,1,10,1,1,4,Nao
1266,20,231.30,1,0,0,1,6,0,0,0,Nao
1267,29,320.20,2,0,1,0,8,1,3,5,Sim
1268,35,519.30,2,1,1,1,10,1,1,2,Sim
1269,32,541.30,2,1,1,1,8,1,1,2,Sim
1270,40,165.90,6,0,1,0,8,1,3,9,Sim
1271,33,55.60,1,0,1,0,9,0,0,0,Sim
1272,28,105.70,4,0,0,1,6,0,0,0,Sim
1273,28,284.90,3,0,1,1,8,0,0,0,Sim
1274,32,351.40,5,1,0,1,8,0,0,0,Sim
